group_name,group_value,metric,corr_with_class_f1,abs_corr,pair_count,row_count
class,corn,raw_target_ndvi_q90_range_std,-0.666096561238756,0.666096561238756,12,12
class,corn,target_ndvi_q90_range_std,-0.666096561238756,0.666096561238756,12,12
class,corn,best_shifted_curve_mse,0.5440883511457302,0.5440883511457302,12,12
class,corn,class_relative_curve_structure_mse,-0.539166684738446,0.539166684738446,12,12
class,corn,raw_source_ndvi_q90_range_mean,0.5221560128886609,0.5221560128886609,12,12
class,corn,source_ndvi_q90_range_mean,0.5221560128886609,0.5221560128886609,12,12
class,corn,target_fisher_ratio,0.5056588160207244,0.5056588160207244,12,12
class,corn,domain_ndvi_curve_mse,0.5007816235720384,0.5007816235720384,12,12
class,corn,raw_source_curve_activity_range,0.46782424330027794,0.46782424330027794,12,12
class,corn,domain_bandwise_curve_mse,0.43432261269107975,0.43432261269107975,12,12
class,corn,global_curve_shift_mse,0.43432259225855524,0.43432259225855524,12,12
class,corn,relation_structure_distance,-0.4214555856805844,0.4214555856805844,12,12
class,corn,raw_target_fisher_ratio,0.4186321095030114,0.4186321095030114,12,12
class,corn,classwise_curve_shift_mse_mean,0.41321261577019713,0.41321261577019713,12,12
class,corn,raw_fisher_ratio_gap,-0.4077396645145028,0.4077396645145028,12,12
class,corn,raw_curve_spread_gap,0.40011171703769144,0.40011171703769144,12,12
class,corn,source_fisher_ratio,0.3953331495169993,0.3953331495169993,12,12
class,corn,pse_mid_curve_distance,-0.3612447209681188,0.3612447209681188,12,12
class,corn,raw_target_curve_spread,-0.35464653777567984,0.35464653777567984,12,12
class,corn,pse_late_curve_distance,-0.3339061944903646,0.3339061944903646,12,12
class,corn,raw_target_ndvi_q90_range_mean,0.31193427232846,0.31193427232846,12,12
class,corn,target_ndvi_q90_range_mean,0.31193427232846,0.31193427232846,12,12
class,corn,raw_source_class_curve_variance_mean,0.29042186929821323,0.29042186929821323,12,12
class,corn,source_class_curve_variance_mean,0.29042186929821323,0.29042186929821323,12,12
class,corn,raw_source_ndvi_q90_range_std,0.26234017925501185,0.26234017925501185,12,12
class,corn,source_ndvi_q90_range_std,0.26234017925501185,0.26234017925501185,12,12
class,corn,raw_source_fisher_ratio,-0.2605764584180896,0.2605764584180896,12,12
class,corn,pse_early_curve_distance,-0.2554168554196642,0.2554168554196642,12,12
class,corn,curve_spread_gap,-0.25060951141274523,0.25060951141274523,12,12
class,corn,acf_distance,-0.2487544709830545,0.2487544709830545,12,12
class,corn,raw_target_class_curve_variance_mean,0.23907167743032715,0.23907167743032715,12,12
class,corn,target_class_curve_variance_mean,0.23907167743032715,0.23907167743032715,12,12
class,corn,raw_source_curve_spread,0.2359296860465284,0.2359296860465284,12,12
class,corn,raw_curve_activity_range_gap,0.22604304990136806,0.22604304990136806,12,12
class,corn,class_relative_curve_structure_corr,0.2154241505045075,0.2154241505045075,12,12
class,corn,source_curve_spread,-0.1997162648083215,0.1997162648083215,12,12
class,corn,mmd,-0.17598198764025674,0.17598198764025674,12,12
class,corn,fisher_ratio_gap,-0.1457838305086938,0.1457838305086938,12,12
class,corn,ndvi_q90_range_mean_gap,0.11872105999544579,0.11872105999544579,12,12
class,corn,raw_ndvi_q90_range_mean_gap,0.11872105999544579,0.11872105999544579,12,12
class,corn,source_curve_activity_range,-0.10761541538868308,0.10761541538868308,12,12
class,corn,target_curve_activity_range,-0.0880274159473872,0.0880274159473872,12,12
class,corn,curve_activity_range_gap,-0.08369835292438088,0.08369835292438088,12,12
class,corn,raw_target_curve_activity_range,0.0627727896429118,0.0627727896429118,12,12
class,corn,class_curve_variance_mean_gap,0.03641255024270667,0.03641255024270667,12,12
class,corn,raw_class_curve_variance_mean_gap,0.03641255024270667,0.03641255024270667,12,12
class,corn,prototype_distance,-0.024360214926149034,0.024360214926149034,12,12
class,corn,coral,0.016901131848849536,0.016901131848849536,12,12
class,corn,target_curve_spread,-0.006729205524676925,0.006729205524676925,12,12
class,corn,pse_trend_curve_distance,0.0002777461256650093,0.0002777461256650093,12,12
class,horsebeans,pse_mid_curve_distance,-0.6510509449701032,0.6510509449701032,12,12
class,horsebeans,best_shifted_curve_mse,0.5833145048510255,0.5833145048510255,12,12
class,horsebeans,pse_early_curve_distance,-0.5749585615171969,0.5749585615171969,12,12
class,horsebeans,raw_source_curve_spread,0.5583081681896147,0.5583081681896147,12,12
class,horsebeans,domain_bandwise_curve_mse,0.5232678954910488,0.5232678954910488,12,12
class,horsebeans,global_curve_shift_mse,0.5232678334614072,0.5232678334614072,12,12
class,horsebeans,prototype_distance,-0.5138695272529133,0.5138695272529133,12,12
class,horsebeans,classwise_curve_shift_mse_mean,0.49037987232757163,0.49037987232757163,12,12
class,horsebeans,source_fisher_ratio,0.4758838093493297,0.4758838093493297,12,12
class,horsebeans,domain_ndvi_curve_mse,0.4683795004904626,0.4683795004904626,12,12
class,horsebeans,raw_source_ndvi_q90_range_mean,0.45846829740001,0.45846829740001,12,12
class,horsebeans,source_ndvi_q90_range_mean,0.45846829740001,0.45846829740001,12,12
class,horsebeans,pse_late_curve_distance,-0.4481806040944863,0.4481806040944863,12,12
class,horsebeans,raw_curve_spread_gap,0.40528901466334943,0.40528901466334943,12,12
class,horsebeans,class_relative_curve_structure_corr,0.3905721820782633,0.3905721820782633,12,12
class,horsebeans,raw_target_ndvi_q90_range_std,-0.3834842844196705,0.3834842844196705,12,12
class,horsebeans,target_ndvi_q90_range_std,-0.3834842844196705,0.3834842844196705,12,12
class,horsebeans,raw_target_fisher_ratio,0.373402814384841,0.373402814384841,12,12
class,horsebeans,target_curve_activity_range,-0.3601780207333785,0.3601780207333785,12,12
class,horsebeans,target_curve_spread,-0.34844591391287905,0.34844591391287905,12,12
class,horsebeans,relation_structure_distance,-0.3209307417687903,0.3209307417687903,12,12
class,horsebeans,source_curve_activity_range,-0.3159404552250057,0.3159404552250057,12,12
class,horsebeans,raw_target_class_curve_variance_mean,0.303315322120719,0.303315322120719,12,12
class,horsebeans,target_class_curve_variance_mean,0.303315322120719,0.303315322120719,12,12
class,horsebeans,raw_source_class_curve_variance_mean,0.2919842352993486,0.2919842352993486,12,12
class,horsebeans,source_class_curve_variance_mean,0.2919842352993486,0.2919842352993486,12,12
class,horsebeans,target_fisher_ratio,0.27731675011300294,0.27731675011300294,12,12
class,horsebeans,pse_trend_curve_distance,-0.2741957558541576,0.2741957558541576,12,12
class,horsebeans,coral,0.2646413425027444,0.2646413425027444,12,12
class,horsebeans,class_relative_curve_structure_mse,-0.25725533898783476,0.25725533898783476,12,12
class,horsebeans,raw_source_curve_activity_range,0.23661826084395599,0.23661826084395599,12,12
class,horsebeans,acf_distance,0.23374116939969963,0.23374116939969963,12,12
class,horsebeans,raw_target_curve_activity_range,0.22986025308119046,0.22986025308119046,12,12
class,horsebeans,source_curve_spread,-0.21833825289271172,0.21833825289271172,12,12
class,horsebeans,raw_target_ndvi_q90_range_mean,0.20850271962301897,0.20850271962301897,12,12
class,horsebeans,target_ndvi_q90_range_mean,0.20850271962301897,0.20850271962301897,12,12
class,horsebeans,raw_source_fisher_ratio,0.17267746146340074,0.17267746146340074,12,12
class,horsebeans,raw_source_ndvi_q90_range_std,0.15118822739028528,0.15118822739028528,12,12
class,horsebeans,source_ndvi_q90_range_std,0.15118822739028528,0.15118822739028528,12,12
class,horsebeans,ndvi_q90_range_mean_gap,0.1460578128730549,0.1460578128730549,12,12
class,horsebeans,raw_ndvi_q90_range_mean_gap,0.1460578128730549,0.1460578128730549,12,12
class,horsebeans,curve_spread_gap,0.12211883180054453,0.12211883180054453,12,12
class,horsebeans,raw_target_curve_spread,-0.1198630592837331,0.1198630592837331,12,12
class,horsebeans,fisher_ratio_gap,0.11877430696279613,0.11877430696279613,12,12
class,horsebeans,raw_fisher_ratio_gap,-0.11127658891280545,0.11127658891280545,12,12
class,horsebeans,mmd,-0.08043112335856907,0.08043112335856907,12,12
class,horsebeans,curve_activity_range_gap,-0.028381794148673794,0.028381794148673794,12,12
class,horsebeans,raw_curve_activity_range_gap,-0.0072976614995263886,0.0072976614995263886,12,12
class,horsebeans,class_curve_variance_mean_gap,1.1508664460735122e-05,1.1508664460735122e-05,12,12
class,horsebeans,raw_class_curve_variance_mean_gap,1.1508664460735122e-05,1.1508664460735122e-05,12,12
class,meadow,class_relative_curve_structure_mse,-0.6601489066925782,0.6601489066925782,12,12
class,meadow,raw_target_ndvi_q90_range_std,-0.6139676950070124,0.6139676950070124,12,12
class,meadow,target_ndvi_q90_range_std,-0.6139676950070124,0.6139676950070124,12,12
class,meadow,raw_target_ndvi_q90_range_mean,0.6129027861741029,0.6129027861741029,12,12
class,meadow,target_ndvi_q90_range_mean,0.6129027861741029,0.6129027861741029,12,12
class,meadow,relation_structure_distance,-0.607212013968448,0.607212013968448,12,12
class,meadow,domain_ndvi_curve_mse,0.5534692269393425,0.5534692269393425,12,12
class,meadow,best_shifted_curve_mse,0.5161205786213182,0.5161205786213182,12,12
class,meadow,global_curve_shift_mse,0.4390353140608379,0.4390353140608379,12,12
class,meadow,domain_bandwise_curve_mse,0.4390353029914809,0.4390353029914809,12,12
class,meadow,classwise_curve_shift_mse_mean,0.4227678878983319,0.4227678878983319,12,12
class,meadow,target_fisher_ratio,0.3877069284271938,0.3877069284271938,12,12
class,meadow,raw_target_fisher_ratio,0.36775357437750555,0.36775357437750555,12,12
class,meadow,raw_fisher_ratio_gap,-0.36373198508242266,0.36373198508242266,12,12
class,meadow,pse_early_curve_distance,-0.3293322852085285,0.3293322852085285,12,12
class,meadow,raw_target_class_curve_variance_mean,0.3236207648791662,0.3236207648791662,12,12
class,meadow,target_class_curve_variance_mean,0.3236207648791662,0.3236207648791662,12,12
class,meadow,mmd,-0.30868002808853445,0.30868002808853445,12,12
class,meadow,class_relative_curve_structure_corr,0.2971225230651101,0.2971225230651101,12,12
class,meadow,pse_mid_curve_distance,-0.29227085987437373,0.29227085987437373,12,12
class,meadow,raw_target_curve_spread,-0.28374965114169187,0.28374965114169187,12,12
class,meadow,raw_source_curve_activity_range,0.28215437336523724,0.28215437336523724,12,12
class,meadow,raw_source_ndvi_q90_range_mean,0.2783118710494777,0.2783118710494777,12,12
class,meadow,source_ndvi_q90_range_mean,0.2783118710494777,0.2783118710494777,12,12
class,meadow,raw_curve_spread_gap,0.23905536833176624,0.23905536833176624,12,12
class,meadow,raw_source_fisher_ratio,-0.2378098525951951,0.2378098525951951,12,12
class,meadow,coral,0.22725196716280754,0.22725196716280754,12,12
class,meadow,ndvi_q90_range_mean_gap,-0.22237280152300454,0.22237280152300454,12,12
class,meadow,raw_ndvi_q90_range_mean_gap,-0.22237280152300454,0.22237280152300454,12,12
class,meadow,source_fisher_ratio,0.21988522342950165,0.21988522342950165,12,12
class,meadow,pse_late_curve_distance,-0.21694616228182598,0.21694616228182598,12,12
class,meadow,curve_spread_gap,-0.2097502485976296,0.2097502485976296,12,12
class,meadow,raw_target_curve_activity_range,0.2014191103418661,0.2014191103418661,12,12
class,meadow,fisher_ratio_gap,-0.17562151356574873,0.17562151356574873,12,12
class,meadow,raw_source_ndvi_q90_range_std,0.16803738400247076,0.16803738400247076,12,12
class,meadow,source_ndvi_q90_range_std,0.16803738400247076,0.16803738400247076,12,12
class,meadow,acf_distance,-0.15194412396833626,0.15194412396833626,12,12
class,meadow,source_curve_spread,-0.14170605339438605,0.14170605339438605,12,12
class,meadow,raw_source_class_curve_variance_mean,0.13825711016024997,0.13825711016024997,12,12
class,meadow,source_class_curve_variance_mean,0.13825711016024997,0.13825711016024997,12,12
class,meadow,curve_activity_range_gap,-0.11776967224299616,0.11776967224299616,12,12
class,meadow,class_curve_variance_mean_gap,-0.1046267508282889,0.1046267508282889,12,12
class,meadow,raw_class_curve_variance_mean_gap,-0.1046267508282889,0.1046267508282889,12,12
class,meadow,pse_trend_curve_distance,0.08461457594545091,0.08461457594545091,12,12
class,meadow,source_curve_activity_range,-0.06502637463334622,0.06502637463334622,12,12
class,meadow,raw_source_curve_spread,0.04510129617949858,0.04510129617949858,12,12
class,meadow,raw_curve_activity_range_gap,0.03591656976492775,0.03591656976492775,12,12
class,meadow,target_curve_spread,0.02272427462235725,0.02272427462235725,12,12
class,meadow,target_curve_activity_range,-0.021734266941369568,0.021734266941369568,12,12
class,meadow,prototype_distance,0.002271747660414377,0.002271747660414377,12,12
class,spring_barley,raw_target_curve_spread,0.8371097603170037,0.8371097603170037,12,12
class,spring_barley,class_relative_curve_structure_corr,-0.6991832023961422,0.6991832023961422,12,12
class,spring_barley,raw_curve_spread_gap,-0.5897201049837093,0.5897201049837093,12,12
class,spring_barley,class_relative_curve_structure_mse,0.5569053062760698,0.5569053062760698,12,12
class,spring_barley,raw_target_curve_activity_range,0.5540723901709214,0.5540723901709214,12,12
class,spring_barley,target_curve_spread,-0.5504265437316309,0.5504265437316309,12,12
class,spring_barley,source_curve_activity_range,-0.5309621512271342,0.5309621512271342,12,12
class,spring_barley,pse_late_curve_distance,-0.528340810820593,0.528340810820593,12,12
class,spring_barley,raw_curve_activity_range_gap,-0.5280632432649858,0.5280632432649858,12,12
class,spring_barley,target_curve_activity_range,-0.5068916584678248,0.5068916584678248,12,12
class,spring_barley,relation_structure_distance,0.5068216663565738,0.5068216663565738,12,12
class,spring_barley,pse_mid_curve_distance,-0.4776080838424551,0.4776080838424551,12,12
class,spring_barley,mmd,-0.47619709901972873,0.47619709901972873,12,12
class,spring_barley,source_curve_spread,-0.47267710612286595,0.47267710612286595,12,12
class,spring_barley,raw_target_ndvi_q90_range_std,0.4234215630731117,0.4234215630731117,12,12
class,spring_barley,target_ndvi_q90_range_std,0.4234215630731117,0.4234215630731117,12,12
class,spring_barley,raw_target_ndvi_q90_range_mean,0.42152265810044615,0.42152265810044615,12,12
class,spring_barley,target_ndvi_q90_range_mean,0.42152265810044615,0.42152265810044615,12,12
class,spring_barley,coral,-0.40262975099471376,0.40262975099471376,12,12
class,spring_barley,class_curve_variance_mean_gap,-0.40057316291904477,0.40057316291904477,12,12
class,spring_barley,raw_class_curve_variance_mean_gap,-0.40057316291904477,0.40057316291904477,12,12
class,spring_barley,pse_early_curve_distance,-0.39848917325948086,0.39848917325948086,12,12
class,spring_barley,acf_distance,-0.3839366177270684,0.3839366177270684,12,12
class,spring_barley,raw_target_class_curve_variance_mean,0.37584455921326704,0.37584455921326704,12,12
class,spring_barley,target_class_curve_variance_mean,0.37584455921326704,0.37584455921326704,12,12
class,spring_barley,pse_trend_curve_distance,-0.37384714144037756,0.37384714144037756,12,12
class,spring_barley,prototype_distance,-0.3718622215148337,0.3718622215148337,12,12
class,spring_barley,raw_source_curve_activity_range,-0.33223855430361016,0.33223855430361016,12,12
class,spring_barley,raw_source_ndvi_q90_range_std,0.3314429258517126,0.3314429258517126,12,12
class,spring_barley,source_ndvi_q90_range_std,0.3314429258517126,0.3314429258517126,12,12
class,spring_barley,raw_source_class_curve_variance_mean,-0.3015373198250391,0.3015373198250391,12,12
class,spring_barley,source_class_curve_variance_mean,-0.3015373198250391,0.3015373198250391,12,12
class,spring_barley,ndvi_q90_range_mean_gap,-0.2881566014596211,0.2881566014596211,12,12
class,spring_barley,raw_ndvi_q90_range_mean_gap,-0.2881566014596211,0.2881566014596211,12,12
class,spring_barley,curve_activity_range_gap,-0.25792777136545975,0.25792777136545975,12,12
class,spring_barley,source_fisher_ratio,-0.2303745877156362,0.2303745877156362,12,12
class,spring_barley,fisher_ratio_gap,-0.1948674192662378,0.1948674192662378,12,12
class,spring_barley,best_shifted_curve_mse,-0.18070124470684054,0.18070124470684054,12,12
class,spring_barley,domain_bandwise_curve_mse,-0.15783071945206328,0.15783071945206328,12,12
class,spring_barley,global_curve_shift_mse,-0.15783066221724298,0.15783066221724298,12,12
class,spring_barley,domain_ndvi_curve_mse,0.13848781620031533,0.13848781620031533,12,12
class,spring_barley,raw_source_fisher_ratio,-0.13214947722320664,0.13214947722320664,12,12
class,spring_barley,raw_target_fisher_ratio,-0.10357410078749309,0.10357410078749309,12,12
class,spring_barley,raw_source_curve_spread,0.071679500208962,0.071679500208962,12,12
class,spring_barley,raw_source_ndvi_q90_range_mean,-0.030469064932120843,0.030469064932120843,12,12
class,spring_barley,source_ndvi_q90_range_mean,-0.030469064932120843,0.030469064932120843,12,12
class,spring_barley,curve_spread_gap,0.027569184212651643,0.027569184212651643,12,12
class,spring_barley,classwise_curve_shift_mse_mean,-0.02289690344173332,0.02289690344173332,12,12
class,spring_barley,raw_fisher_ratio_gap,-0.0216302295978733,0.0216302295978733,12,12
class,spring_barley,target_fisher_ratio,0.02044418511156839,0.02044418511156839,12,12
class,spring_oat,pse_late_curve_distance,-0.8111409287680217,0.8111409287680217,6,6
class,spring_oat,pse_mid_curve_distance,-0.7750321731700658,0.7750321731700658,6,6
class,spring_oat,class_relative_curve_structure_mse,0.7475653819163625,0.7475653819163625,6,6
class,spring_oat,pse_early_curve_distance,-0.7431662289533901,0.7431662289533901,6,6
class,spring_oat,raw_target_ndvi_q90_range_mean,0.7329975974350388,0.7329975974350388,6,6
class,spring_oat,target_ndvi_q90_range_mean,0.7329975974350388,0.7329975974350388,6,6
class,spring_oat,raw_target_curve_activity_range,0.7071348343859152,0.7071348343859152,6,6
class,spring_oat,relation_structure_distance,-0.7057713801673584,0.7057713801673584,6,6
class,spring_oat,target_fisher_ratio,0.6798563621160885,0.6798563621160885,6,6
class,spring_oat,mmd,-0.6341603124965518,0.6341603124965518,6,6
class,spring_oat,best_shifted_curve_mse,0.6248706463985928,0.6248706463985928,6,6
class,spring_oat,pse_trend_curve_distance,0.6065040074243848,0.6065040074243848,6,6
class,spring_oat,raw_target_class_curve_variance_mean,0.5931086950884211,0.5931086950884211,6,6
class,spring_oat,target_class_curve_variance_mean,0.5931086950884211,0.5931086950884211,6,6
class,spring_oat,raw_target_curve_spread,0.5797750073922541,0.5797750073922541,6,6
class,spring_oat,classwise_curve_shift_mse_mean,0.5379503338196875,0.5379503338196875,6,6
class,spring_oat,prototype_distance,-0.526575620834644,0.526575620834644,6,6
class,spring_oat,global_curve_shift_mse,0.48899691025736713,0.48899691025736713,6,6
class,spring_oat,domain_bandwise_curve_mse,0.48899684794459947,0.48899684794459947,6,6
class,spring_oat,ndvi_q90_range_mean_gap,-0.42440065824923234,0.42440065824923234,6,6
class,spring_oat,raw_ndvi_q90_range_mean_gap,-0.42440065824923234,0.42440065824923234,6,6
class,spring_oat,domain_ndvi_curve_mse,0.42000740617362003,0.42000740617362003,6,6
class,spring_oat,target_curve_spread,-0.39652001228891914,0.39652001228891914,6,6
class,spring_oat,raw_curve_activity_range_gap,-0.38445285849941313,0.38445285849941313,6,6
class,spring_oat,acf_distance,-0.3704659435311987,0.3704659435311987,6,6
class,spring_oat,source_curve_activity_range,-0.358181448565717,0.358181448565717,6,6
class,spring_oat,class_relative_curve_structure_corr,-0.35233779654960323,0.35233779654960323,6,6
class,spring_oat,curve_spread_gap,0.2534596081657386,0.2534596081657386,6,6
class,spring_oat,coral,0.23323800804609787,0.23323800804609787,6,6
class,spring_oat,class_curve_variance_mean_gap,-0.18494908650503175,0.18494908650503175,6,6
class,spring_oat,raw_class_curve_variance_mean_gap,-0.18494908650503175,0.18494908650503175,6,6
class,spring_oat,target_curve_activity_range,-0.17962390969139333,0.17962390969139333,6,6
class,spring_oat,fisher_ratio_gap,-0.17445966892241882,0.17445966892241882,6,6
class,spring_oat,raw_source_class_curve_variance_mean,0.16790927887130755,0.16790927887130755,6,6
class,spring_oat,raw_source_curve_activity_range,0.16790927887130755,0.16790927887130755,6,6
class,spring_oat,raw_source_fisher_ratio,0.16790927887130755,0.16790927887130755,6,6
class,spring_oat,source_class_curve_variance_mean,0.16790927887130755,0.16790927887130755,6,6
class,spring_oat,raw_source_ndvi_q90_range_std,-0.16790927887130752,0.16790927887130752,6,6
class,spring_oat,source_ndvi_q90_range_std,-0.16790927887130752,0.16790927887130752,6,6
class,spring_oat,raw_source_curve_spread,0.16790927887130747,0.16790927887130747,6,6
class,spring_oat,raw_source_ndvi_q90_range_mean,0.16790927887130747,0.16790927887130747,6,6
class,spring_oat,source_ndvi_q90_range_mean,0.16790927887130747,0.16790927887130747,6,6
class,spring_oat,source_fisher_ratio,0.14903530499656462,0.14903530499656462,6,6
class,spring_oat,raw_curve_spread_gap,-0.14586015421992782,0.14586015421992782,6,6
class,spring_oat,raw_target_fisher_ratio,0.13450071272564298,0.13450071272564298,6,6
class,spring_oat,raw_fisher_ratio_gap,0.04659701571743787,0.04659701571743787,6,6
class,spring_oat,source_curve_spread,-0.03308003164493143,0.03308003164493143,6,6
class,spring_oat,raw_target_ndvi_q90_range_std,-0.026818318254436375,0.026818318254436375,6,6
class,spring_oat,target_ndvi_q90_range_std,-0.026818318254436375,0.026818318254436375,6,6
class,spring_oat,curve_activity_range_gap,0.007396232742563889,0.007396232742563889,6,6
class,spring_peas,raw_source_ndvi_q90_range_mean,0.7056601268779908,0.7056601268779908,9,9
class,spring_peas,source_ndvi_q90_range_mean,0.7056601268779908,0.7056601268779908,9,9
class,spring_peas,raw_source_ndvi_q90_range_std,0.7009825687696175,0.7009825687696175,9,9
class,spring_peas,source_ndvi_q90_range_std,0.7009825687696175,0.7009825687696175,9,9
class,spring_peas,raw_source_class_curve_variance_mean,0.7000763765367644,0.7000763765367644,9,9
class,spring_peas,source_class_curve_variance_mean,0.7000763765367644,0.7000763765367644,9,9
class,spring_peas,source_fisher_ratio,0.6913866346277122,0.6913866346277122,9,9
class,spring_peas,source_curve_spread,-0.6740966096245575,0.6740966096245575,9,9
class,spring_peas,target_curve_activity_range,-0.6627621067456276,0.6627621067456276,9,9
class,spring_peas,pse_trend_curve_distance,-0.6405782116467322,0.6405782116467322,9,9
class,spring_peas,source_curve_activity_range,-0.6212926444460952,0.6212926444460952,9,9
class,spring_peas,target_curve_spread,-0.6021548539324706,0.6021548539324706,9,9
class,spring_peas,raw_curve_spread_gap,0.6019257840612461,0.6019257840612461,9,9
class,spring_peas,ndvi_q90_range_mean_gap,0.6011287173763806,0.6011287173763806,9,9
class,spring_peas,raw_ndvi_q90_range_mean_gap,0.6011287173763806,0.6011287173763806,9,9
class,spring_peas,pse_early_curve_distance,-0.580683076816975,0.580683076816975,9,9
class,spring_peas,pse_late_curve_distance,-0.5761737559552775,0.5761737559552775,9,9
class,spring_peas,coral,-0.5568013851931861,0.5568013851931861,9,9
class,spring_peas,raw_source_curve_spread,0.5525264524655406,0.5525264524655406,9,9
class,spring_peas,raw_curve_activity_range_gap,0.5397401414883061,0.5397401414883061,9,9
class,spring_peas,pse_mid_curve_distance,-0.5136831738954937,0.5136831738954937,9,9
class,spring_peas,prototype_distance,-0.4897888113658085,0.4897888113658085,9,9
class,spring_peas,class_curve_variance_mean_gap,0.48641601114752253,0.48641601114752253,9,9
class,spring_peas,raw_class_curve_variance_mean_gap,0.48641601114752253,0.48641601114752253,9,9
class,spring_peas,raw_target_curve_activity_range,-0.45276020151738705,0.45276020151738705,9,9
class,spring_peas,raw_source_fisher_ratio,-0.4277161147458349,0.4277161147458349,9,9
class,spring_peas,raw_source_curve_activity_range,0.42432508189966106,0.42432508189966106,9,9
class,spring_peas,raw_target_class_curve_variance_mean,-0.4218996147184487,0.4218996147184487,9,9
class,spring_peas,target_class_curve_variance_mean,-0.4218996147184487,0.4218996147184487,9,9
class,spring_peas,target_fisher_ratio,0.38487676366232954,0.38487676366232954,9,9
class,spring_peas,best_shifted_curve_mse,-0.31962966251884284,0.31962966251884284,9,9
class,spring_peas,raw_target_ndvi_q90_range_mean,-0.2840419052044979,0.2840419052044979,9,9
class,spring_peas,target_ndvi_q90_range_mean,-0.2840419052044979,0.2840419052044979,9,9
class,spring_peas,domain_bandwise_curve_mse,-0.2803549322685115,0.2803549322685115,9,9
class,spring_peas,global_curve_shift_mse,-0.2803549320699557,0.2803549320699557,9,9
class,spring_peas,raw_fisher_ratio_gap,-0.24084741610858895,0.24084741610858895,9,9
class,spring_peas,domain_ndvi_curve_mse,0.2204983425272888,0.2204983425272888,9,9
class,spring_peas,classwise_curve_shift_mse_mean,-0.214034390774775,0.214034390774775,9,9
class,spring_peas,raw_target_curve_spread,-0.16830882975863484,0.16830882975863484,9,9
class,spring_peas,fisher_ratio_gap,-0.12959105484720335,0.12959105484720335,9,9
class,spring_peas,curve_activity_range_gap,0.07694575557055375,0.07694575557055375,9,9
class,spring_peas,class_relative_curve_structure_corr,-0.04053248294903658,0.04053248294903658,9,9
class,spring_peas,relation_structure_distance,0.03939020333550388,0.03939020333550388,9,9
class,spring_peas,mmd,0.03417908746669304,0.03417908746669304,9,9
class,spring_peas,curve_spread_gap,-0.03311433848321781,0.03311433848321781,9,9
class,spring_peas,raw_target_fisher_ratio,-0.026786785917781837,0.026786785917781837,9,9
class,spring_peas,class_relative_curve_structure_mse,0.025368682063060685,0.025368682063060685,9,9
class,spring_peas,raw_target_ndvi_q90_range_std,0.012178796331253607,0.012178796331253607,9,9
class,spring_peas,target_ndvi_q90_range_std,0.012178796331253607,0.012178796331253607,9,9
class,spring_peas,acf_distance,0.0073502850671047625,0.0073502850671047625,9,9
class,spring_wheat,best_shifted_curve_mse,0.9998950556059687,0.9998950556059687,3,3
class,spring_wheat,fisher_ratio_gap,-0.9989406424317541,0.9989406424317541,3,3
class,spring_wheat,prototype_distance,-0.997048128276091,0.997048128276091,3,3
class,spring_wheat,class_curve_variance_mean_gap,-0.9967936186077139,0.9967936186077139,3,3
class,spring_wheat,raw_class_curve_variance_mean_gap,-0.9967936186077139,0.9967936186077139,3,3
class,spring_wheat,raw_target_class_curve_variance_mean,0.9967936186077139,0.9967936186077139,3,3
class,spring_wheat,target_class_curve_variance_mean,0.9967936186077139,0.9967936186077139,3,3
class,spring_wheat,pse_trend_curve_distance,0.9944743011081556,0.9944743011081556,3,3
class,spring_wheat,target_fisher_ratio,0.9880503097756955,0.9880503097756955,3,3
class,spring_wheat,classwise_curve_shift_mse_mean,0.9866665723297817,0.9866665723297817,3,3
class,spring_wheat,domain_ndvi_curve_mse,0.9798527543070401,0.9798527543070401,3,3
class,spring_wheat,relation_structure_distance,-0.9743788700060049,0.9743788700060049,3,3
class,spring_wheat,global_curve_shift_mse,0.9624541849087908,0.9624541849087908,3,3
class,spring_wheat,domain_bandwise_curve_mse,0.9624541628098385,0.9624541628098385,3,3
class,spring_wheat,raw_curve_activity_range_gap,-0.9380883471303028,0.9380883471303028,3,3
class,spring_wheat,raw_target_curve_activity_range,0.9380883471303028,0.9380883471303028,3,3
class,spring_wheat,coral,0.9072864612917304,0.9072864612917304,3,3
class,spring_wheat,raw_fisher_ratio_gap,-0.8950901919238042,0.8950901919238042,3,3
class,spring_wheat,raw_target_fisher_ratio,0.8950901919238042,0.8950901919238042,3,3
class,spring_wheat,curve_activity_range_gap,-0.8530306739588475,0.8530306739588475,3,3
class,spring_wheat,raw_target_ndvi_q90_range_std,-0.7613807742643328,0.7613807742643328,3,3
class,spring_wheat,target_ndvi_q90_range_std,-0.7613807742643328,0.7613807742643328,3,3
class,spring_wheat,mmd,-0.711423165833847,0.711423165833847,3,3
class,spring_wheat,source_curve_spread,-0.7010163614152826,0.7010163614152826,3,3
class,spring_wheat,target_curve_activity_range,0.672764475396195,0.672764475396195,3,3
class,spring_wheat,raw_curve_spread_gap,-0.5938166489711763,0.5938166489711763,3,3
class,spring_wheat,raw_target_curve_spread,0.5938166489711763,0.5938166489711763,3,3
class,spring_wheat,source_fisher_ratio,-0.5041509811176812,0.5041509811176812,3,3
class,spring_wheat,ndvi_q90_range_mean_gap,-0.5033880284410268,0.5033880284410268,3,3
class,spring_wheat,raw_ndvi_q90_range_mean_gap,-0.5033880284410268,0.5033880284410268,3,3
class,spring_wheat,raw_target_ndvi_q90_range_mean,0.5033880284410268,0.5033880284410268,3,3
class,spring_wheat,target_ndvi_q90_range_mean,0.5033880284410268,0.5033880284410268,3,3
class,spring_wheat,pse_mid_curve_distance,-0.4511102180870053,0.4511102180870053,3,3
class,spring_wheat,curve_spread_gap,-0.42202110120028163,0.42202110120028163,3,3
class,spring_wheat,pse_early_curve_distance,-0.41397220435114446,0.41397220435114446,3,3
class,spring_wheat,class_relative_curve_structure_corr,0.389257182702039,0.389257182702039,3,3
class,spring_wheat,pse_late_curve_distance,-0.3305025897195147,0.3305025897195147,3,3
class,spring_wheat,source_curve_activity_range,-0.29244639023760477,0.29244639023760477,3,3
class,spring_wheat,target_curve_spread,0.2657361341425833,0.2657361341425833,3,3
class,spring_wheat,class_relative_curve_structure_mse,0.16356215893022924,0.16356215893022924,3,3
class,spring_wheat,acf_distance,0.12459038645500896,0.12459038645500896,3,3
class,spring_wheat,raw_source_class_curve_variance_mean,nan,nan,3,3
class,spring_wheat,raw_source_curve_activity_range,nan,nan,3,3
class,spring_wheat,raw_source_curve_spread,nan,nan,3,3
class,spring_wheat,raw_source_fisher_ratio,nan,nan,3,3
class,spring_wheat,raw_source_ndvi_q90_range_mean,nan,nan,3,3
class,spring_wheat,raw_source_ndvi_q90_range_std,nan,nan,3,3
class,spring_wheat,source_class_curve_variance_mean,nan,nan,3,3
class,spring_wheat,source_ndvi_q90_range_mean,nan,nan,3,3
class,spring_wheat,source_ndvi_q90_range_std,nan,nan,3,3
class,sunflowers,raw_target_curve_spread,-0.9485733791616449,0.9485733791616449,6,6
class,sunflowers,class_relative_curve_structure_corr,0.9435066830832358,0.9435066830832358,6,6
class,sunflowers,class_relative_curve_structure_mse,-0.9344000221967715,0.9344000221967715,6,6
class,sunflowers,relation_structure_distance,-0.8866169677958555,0.8866169677958555,6,6
class,sunflowers,raw_curve_spread_gap,0.8691524774272988,0.8691524774272988,6,6
class,sunflowers,raw_target_ndvi_q90_range_std,-0.824196483663784,0.824196483663784,6,6
class,sunflowers,target_ndvi_q90_range_std,-0.824196483663784,0.824196483663784,6,6
class,sunflowers,acf_distance,0.7486863576584437,0.7486863576584437,6,6
class,sunflowers,raw_target_fisher_ratio,0.715949182515808,0.715949182515808,6,6
class,sunflowers,prototype_distance,-0.6627518496173591,0.6627518496173591,6,6
class,sunflowers,pse_early_curve_distance,-0.6525145456856355,0.6525145456856355,6,6
class,sunflowers,raw_fisher_ratio_gap,-0.5760199506156082,0.5760199506156082,6,6
class,sunflowers,curve_spread_gap,-0.5166550176811183,0.5166550176811183,6,6
class,sunflowers,domain_ndvi_curve_mse,0.42470803879382885,0.42470803879382885,6,6
class,sunflowers,global_curve_shift_mse,0.41539337340373705,0.41539337340373705,6,6
class,sunflowers,domain_bandwise_curve_mse,0.41539336517595216,0.41539336517595216,6,6
class,sunflowers,best_shifted_curve_mse,0.4103516409734743,0.4103516409734743,6,6
class,sunflowers,raw_curve_activity_range_gap,0.35130740561645,0.35130740561645,6,6
class,sunflowers,raw_target_curve_activity_range,-0.3376964506525011,0.3376964506525011,6,6
class,sunflowers,pse_mid_curve_distance,-0.33422263572089994,0.33422263572089994,6,6
class,sunflowers,raw_target_ndvi_q90_range_mean,0.3301228210237283,0.3301228210237283,6,6
class,sunflowers,target_ndvi_q90_range_mean,0.3301228210237283,0.3301228210237283,6,6
class,sunflowers,classwise_curve_shift_mse_mean,0.2978415979716066,0.2978415979716066,6,6
class,sunflowers,curve_activity_range_gap,-0.2582060314545997,0.2582060314545997,6,6
class,sunflowers,coral,0.23201342966208072,0.23201342966208072,6,6
class,sunflowers,source_curve_activity_range,-0.23039098784958803,0.23039098784958803,6,6
class,sunflowers,pse_trend_curve_distance,-0.22315780849677144,0.22315780849677144,6,6
class,sunflowers,source_curve_spread,-0.20987275205573733,0.20987275205573733,6,6
class,sunflowers,source_fisher_ratio,0.2031082822122846,0.2031082822122846,6,6
class,sunflowers,target_curve_activity_range,-0.19990168047627388,0.19990168047627388,6,6
class,sunflowers,mmd,0.17560872534770264,0.17560872534770264,6,6
class,sunflowers,raw_source_class_curve_variance_mean,0.17399294662904902,0.17399294662904902,6,6
class,sunflowers,source_class_curve_variance_mean,0.17399294662904902,0.17399294662904902,6,6
class,sunflowers,raw_source_curve_activity_range,0.173992946629049,0.173992946629049,6,6
class,sunflowers,raw_source_curve_spread,0.173992946629049,0.173992946629049,6,6
class,sunflowers,raw_source_fisher_ratio,-0.173992946629049,0.173992946629049,6,6
class,sunflowers,raw_source_ndvi_q90_range_std,0.173992946629049,0.173992946629049,6,6
class,sunflowers,source_ndvi_q90_range_std,0.173992946629049,0.173992946629049,6,6
class,sunflowers,raw_source_ndvi_q90_range_mean,0.17399294662904896,0.17399294662904896,6,6
class,sunflowers,source_ndvi_q90_range_mean,0.17399294662904896,0.17399294662904896,6,6
class,sunflowers,pse_late_curve_distance,-0.1343242478332496,0.1343242478332496,6,6
class,sunflowers,target_curve_spread,0.107506815627923,0.107506815627923,6,6
class,sunflowers,target_fisher_ratio,0.09884421942414923,0.09884421942414923,6,6
class,sunflowers,ndvi_q90_range_mean_gap,-0.08602648326977774,0.08602648326977774,6,6
class,sunflowers,raw_ndvi_q90_range_mean_gap,-0.08602648326977774,0.08602648326977774,6,6
class,sunflowers,raw_target_class_curve_variance_mean,0.03230611790587301,0.03230611790587301,6,6
class,sunflowers,target_class_curve_variance_mean,0.03230611790587301,0.03230611790587301,6,6
class,sunflowers,fisher_ratio_gap,-0.024453250317388285,0.024453250317388285,6,6
class,sunflowers,class_curve_variance_mean_gap,-0.010735128908452218,0.010735128908452218,6,6
class,sunflowers,raw_class_curve_variance_mean_gap,-0.010735128908452218,0.010735128908452218,6,6
class,winter_barley,raw_target_ndvi_q90_range_std,-0.5736142600984133,0.5736142600984133,12,12
class,winter_barley,target_ndvi_q90_range_std,-0.5736142600984133,0.5736142600984133,12,12
class,winter_barley,best_shifted_curve_mse,0.5528124283229935,0.5528124283229935,12,12
class,winter_barley,raw_source_ndvi_q90_range_mean,0.506998855158579,0.506998855158579,12,12
class,winter_barley,source_ndvi_q90_range_mean,0.506998855158579,0.506998855158579,12,12
class,winter_barley,domain_ndvi_curve_mse,0.5030532746154025,0.5030532746154025,12,12
class,winter_barley,target_fisher_ratio,0.5010485007958778,0.5010485007958778,12,12
class,winter_barley,class_relative_curve_structure_mse,-0.49358446120573063,0.49358446120573063,12,12
class,winter_barley,domain_bandwise_curve_mse,0.4689742525692544,0.4689742525692544,12,12
class,winter_barley,global_curve_shift_mse,0.4689742125206916,0.4689742125206916,12,12
class,winter_barley,classwise_curve_shift_mse_mean,0.4445749997607677,0.4445749997607677,12,12
class,winter_barley,pse_early_curve_distance,-0.4119949732506901,0.4119949732506901,12,12
class,winter_barley,source_fisher_ratio,0.4086452146581329,0.4086452146581329,12,12
class,winter_barley,relation_structure_distance,-0.40153733115626683,0.40153733115626683,12,12
class,winter_barley,raw_source_curve_activity_range,0.3925992764792266,0.3925992764792266,12,12
class,winter_barley,raw_curve_spread_gap,0.38342104093846735,0.38342104093846735,12,12
class,winter_barley,pse_mid_curve_distance,-0.37279554210402044,0.37279554210402044,12,12
class,winter_barley,raw_fisher_ratio_gap,-0.36362246151351835,0.36362246151351835,12,12
class,winter_barley,raw_target_fisher_ratio,0.3597136851600547,0.3597136851600547,12,12
class,winter_barley,pse_late_curve_distance,-0.3146912323440713,0.3146912323440713,12,12
class,winter_barley,raw_target_ndvi_q90_range_mean,0.30720474419051774,0.30720474419051774,12,12
class,winter_barley,target_ndvi_q90_range_mean,0.30720474419051774,0.30720474419051774,12,12
class,winter_barley,raw_target_curve_spread,-0.3071096190743149,0.3071096190743149,12,12
class,winter_barley,raw_source_ndvi_q90_range_std,0.30335945773024203,0.30335945773024203,12,12
class,winter_barley,source_ndvi_q90_range_std,0.30335945773024203,0.30335945773024203,12,12
class,winter_barley,class_relative_curve_structure_corr,0.27637459847892404,0.27637459847892404,12,12
class,winter_barley,raw_source_curve_spread,0.2697671750251199,0.2697671750251199,12,12
class,winter_barley,raw_target_class_curve_variance_mean,0.25747809951795675,0.25747809951795675,12,12
class,winter_barley,target_class_curve_variance_mean,0.25747809951795675,0.25747809951795675,12,12
class,winter_barley,source_curve_spread,-0.2522388489246033,0.2522388489246033,12,12
class,winter_barley,raw_source_fisher_ratio,-0.24519738058998825,0.24519738058998825,12,12
class,winter_barley,raw_source_class_curve_variance_mean,0.23990897255431412,0.23990897255431412,12,12
class,winter_barley,source_class_curve_variance_mean,0.23990897255431412,0.23990897255431412,12,12
class,winter_barley,source_curve_activity_range,-0.18828432212019566,0.18828432212019566,12,12
class,winter_barley,raw_target_curve_activity_range,0.1653489678307895,0.1653489678307895,12,12
class,winter_barley,target_curve_activity_range,-0.16098373490058168,0.16098373490058168,12,12
class,winter_barley,curve_spread_gap,-0.15719714134201837,0.15719714134201837,12,12
class,winter_barley,target_curve_spread,-0.1456931428840918,0.1456931428840918,12,12
class,winter_barley,acf_distance,-0.14488679163013465,0.14488679163013465,12,12
class,winter_barley,coral,0.14344379899430254,0.14344379899430254,12,12
class,winter_barley,curve_activity_range_gap,-0.13154855441407626,0.13154855441407626,12,12
class,winter_barley,fisher_ratio_gap,-0.13147857143196134,0.13147857143196134,12,12
class,winter_barley,prototype_distance,-0.13039162654228462,0.13039162654228462,12,12
class,winter_barley,raw_curve_activity_range_gap,0.12052412609834322,0.12052412609834322,12,12
class,winter_barley,ndvi_q90_range_mean_gap,0.11250854247232873,0.11250854247232873,12,12
class,winter_barley,raw_ndvi_q90_range_mean_gap,0.11250854247232873,0.11250854247232873,12,12
class,winter_barley,mmd,-0.09713841017232205,0.09713841017232205,12,12
class,winter_barley,pse_trend_curve_distance,-0.07489053736911894,0.07489053736911894,12,12
class,winter_barley,class_curve_variance_mean_gap,-0.00479142574523772,0.00479142574523772,12,12
class,winter_barley,raw_class_curve_variance_mean_gap,-0.00479142574523772,0.00479142574523772,12,12
class,winter_oat,raw_curve_activity_range_gap,0.8582089749596704,0.8582089749596704,6,6
class,winter_oat,raw_curve_spread_gap,0.834294667132578,0.834294667132578,6,6
class,winter_oat,raw_target_curve_activity_range,-0.8248829765701519,0.8248829765701519,6,6
class,winter_oat,raw_target_curve_spread,-0.7786423416994794,0.7786423416994794,6,6
class,winter_oat,prototype_distance,-0.6870985648653628,0.6870985648653628,6,6
class,winter_oat,class_curve_variance_mean_gap,0.5775952749034321,0.5775952749034321,6,6
class,winter_oat,raw_class_curve_variance_mean_gap,0.5775952749034321,0.5775952749034321,6,6
class,winter_oat,ndvi_q90_range_mean_gap,0.564966576636715,0.564966576636715,6,6
class,winter_oat,raw_ndvi_q90_range_mean_gap,0.564966576636715,0.564966576636715,6,6
class,winter_oat,mmd,0.5619388682822372,0.5619388682822372,6,6
class,winter_oat,raw_target_class_curve_variance_mean,-0.5334086834217695,0.5334086834217695,6,6
class,winter_oat,target_class_curve_variance_mean,-0.5334086834217695,0.5334086834217695,6,6
class,winter_oat,pse_trend_curve_distance,-0.515549835850642,0.515549835850642,6,6
class,winter_oat,raw_target_ndvi_q90_range_mean,-0.501640069958574,0.501640069958574,6,6
class,winter_oat,target_ndvi_q90_range_mean,-0.501640069958574,0.501640069958574,6,6
class,winter_oat,curve_spread_gap,-0.4896958788974275,0.4896958788974275,6,6
class,winter_oat,class_relative_curve_structure_corr,0.4891891537457826,0.4891891537457826,6,6
class,winter_oat,raw_fisher_ratio_gap,-0.4691755436038734,0.4691755436038734,6,6
class,winter_oat,pse_early_curve_distance,-0.4647516864182871,0.4647516864182871,6,6
class,winter_oat,acf_distance,0.4328900780770812,0.4328900780770812,6,6
class,winter_oat,raw_source_curve_activity_range,0.42519520276218714,0.42519520276218714,6,6
class,winter_oat,raw_source_curve_spread,0.42519520276218714,0.42519520276218714,6,6
class,winter_oat,raw_source_fisher_ratio,-0.42519520276218714,0.42519520276218714,6,6
class,winter_oat,raw_source_ndvi_q90_range_mean,0.42519520276218714,0.42519520276218714,6,6
class,winter_oat,raw_source_ndvi_q90_range_std,0.42519520276218714,0.42519520276218714,6,6
class,winter_oat,source_ndvi_q90_range_mean,0.42519520276218714,0.42519520276218714,6,6
class,winter_oat,source_ndvi_q90_range_std,0.42519520276218714,0.42519520276218714,6,6
class,winter_oat,raw_source_class_curve_variance_mean,0.4251952027621871,0.4251952027621871,6,6
class,winter_oat,source_class_curve_variance_mean,0.4251952027621871,0.4251952027621871,6,6
class,winter_oat,target_curve_activity_range,-0.41980557719970835,0.41980557719970835,6,6
class,winter_oat,source_fisher_ratio,0.3893784142290396,0.3893784142290396,6,6
class,winter_oat,source_curve_spread,-0.3865125963239604,0.3865125963239604,6,6
class,winter_oat,source_curve_activity_range,-0.38217584655686254,0.38217584655686254,6,6
class,winter_oat,raw_target_ndvi_q90_range_std,-0.3694780393125651,0.3694780393125651,6,6
class,winter_oat,target_ndvi_q90_range_std,-0.3694780393125651,0.3694780393125651,6,6
class,winter_oat,relation_structure_distance,-0.34834188921918324,0.34834188921918324,6,6
class,winter_oat,class_relative_curve_structure_mse,-0.3425229002146918,0.3425229002146918,6,6
class,winter_oat,raw_target_fisher_ratio,0.33553221287458396,0.33553221287458396,6,6
class,winter_oat,pse_mid_curve_distance,-0.3155122463743853,0.3155122463743853,6,6
class,winter_oat,classwise_curve_shift_mse_mean,-0.28451457132633123,0.28451457132633123,6,6
class,winter_oat,coral,-0.27602218398604866,0.27602218398604866,6,6
class,winter_oat,best_shifted_curve_mse,-0.24997485659993016,0.24997485659993016,6,6
class,winter_oat,global_curve_shift_mse,-0.2212012672259004,0.2212012672259004,6,6
class,winter_oat,domain_bandwise_curve_mse,-0.22120126085103264,0.22120126085103264,6,6
class,winter_oat,pse_late_curve_distance,-0.1936703858987108,0.1936703858987108,6,6
class,winter_oat,target_curve_spread,-0.1866247363705256,0.1866247363705256,6,6
class,winter_oat,curve_activity_range_gap,-0.16612030242555206,0.16612030242555206,6,6
class,winter_oat,target_fisher_ratio,0.15949400008570744,0.15949400008570744,6,6
class,winter_oat,domain_ndvi_curve_mse,-0.07456115692541039,0.07456115692541039,6,6
class,winter_oat,fisher_ratio_gap,-0.0071233873702259394,0.0071233873702259394,6,6
class,winter_peas,target_curve_activity_range,-0.9796210736227767,0.9796210736227767,3,3
class,winter_peas,source_fisher_ratio,0.9788211074885421,0.9788211074885421,3,3
class,winter_peas,acf_distance,0.9585717116606195,0.9585717116606195,3,3
class,winter_peas,pse_trend_curve_distance,-0.8759084002255585,0.8759084002255585,3,3
class,winter_peas,fisher_ratio_gap,0.8399682923061325,0.8399682923061325,3,3
class,winter_peas,curve_activity_range_gap,0.8282598599796154,0.8282598599796154,3,3
class,winter_peas,raw_curve_spread_gap,0.8100593360725281,0.8100593360725281,3,3
class,winter_peas,raw_target_curve_spread,-0.8100593360725281,0.8100593360725281,3,3
class,winter_peas,coral,0.7906147526400555,0.7906147526400555,3,3
class,winter_peas,pse_early_curve_distance,-0.7839563914691676,0.7839563914691676,3,3
class,winter_peas,raw_curve_activity_range_gap,0.7757644421176938,0.7757644421176938,3,3
class,winter_peas,raw_target_curve_activity_range,-0.7757644421176938,0.7757644421176938,3,3
class,winter_peas,target_curve_spread,-0.7706441076616921,0.7706441076616921,3,3
class,winter_peas,pse_late_curve_distance,0.7692417307752057,0.7692417307752057,3,3
class,winter_peas,prototype_distance,-0.7342958360926533,0.7342958360926533,3,3
class,winter_peas,relation_structure_distance,-0.7236116112258845,0.7236116112258845,3,3
class,winter_peas,curve_spread_gap,0.7023388048061453,0.7023388048061453,3,3
class,winter_peas,class_relative_curve_structure_corr,0.6853700296537889,0.6853700296537889,3,3
class,winter_peas,class_curve_variance_mean_gap,0.6462006650854489,0.6462006650854489,3,3
class,winter_peas,raw_class_curve_variance_mean_gap,0.6462006650854489,0.6462006650854489,3,3
class,winter_peas,raw_target_class_curve_variance_mean,-0.6462006650854489,0.6462006650854489,3,3
class,winter_peas,target_class_curve_variance_mean,-0.6462006650854489,0.6462006650854489,3,3
class,winter_peas,domain_ndvi_curve_mse,0.6052914557160497,0.6052914557160497,3,3
class,winter_peas,classwise_curve_shift_mse_mean,-0.6020022911835595,0.6020022911835595,3,3
class,winter_peas,source_curve_spread,0.5239131326563948,0.5239131326563948,3,3
class,winter_peas,pse_mid_curve_distance,-0.5176867466780292,0.5176867466780292,3,3
class,winter_peas,class_relative_curve_structure_mse,-0.48522842389250237,0.48522842389250237,3,3
class,winter_peas,raw_fisher_ratio_gap,0.4723438035159695,0.4723438035159695,3,3
class,winter_peas,raw_target_fisher_ratio,-0.4723438035159695,0.4723438035159695,3,3
class,winter_peas,domain_bandwise_curve_mse,-0.44265039607927564,0.44265039607927564,3,3
class,winter_peas,global_curve_shift_mse,-0.4426503904257939,0.4426503904257939,3,3
class,winter_peas,target_fisher_ratio,-0.4303111628366106,0.4303111628366106,3,3
class,winter_peas,ndvi_q90_range_mean_gap,-0.42255069656889377,0.42255069656889377,3,3
class,winter_peas,raw_ndvi_q90_range_mean_gap,-0.42255069656889377,0.42255069656889377,3,3
class,winter_peas,raw_target_ndvi_q90_range_mean,0.42255069656889377,0.42255069656889377,3,3
class,winter_peas,target_ndvi_q90_range_mean,0.42255069656889377,0.42255069656889377,3,3
class,winter_peas,best_shifted_curve_mse,-0.33820567917850275,0.33820567917850275,3,3
class,winter_peas,raw_target_ndvi_q90_range_std,0.23479520864675887,0.23479520864675887,3,3
class,winter_peas,target_ndvi_q90_range_std,0.23479520864675887,0.23479520864675887,3,3
class,winter_peas,mmd,-0.23200294208527772,0.23200294208527772,3,3
class,winter_peas,source_curve_activity_range,-0.06945420754421913,0.06945420754421913,3,3
class,winter_peas,raw_source_class_curve_variance_mean,nan,nan,3,3
class,winter_peas,raw_source_curve_activity_range,nan,nan,3,3
class,winter_peas,raw_source_curve_spread,nan,nan,3,3
class,winter_peas,raw_source_fisher_ratio,nan,nan,3,3
class,winter_peas,raw_source_ndvi_q90_range_mean,nan,nan,3,3
class,winter_peas,raw_source_ndvi_q90_range_std,nan,nan,3,3
class,winter_peas,source_class_curve_variance_mean,nan,nan,3,3
class,winter_peas,source_ndvi_q90_range_mean,nan,nan,3,3
class,winter_peas,source_ndvi_q90_range_std,nan,nan,3,3
class,winter_rapeseed,raw_target_curve_activity_range,0.6937311646925534,0.6937311646925534,12,12
class,winter_rapeseed,raw_target_ndvi_q90_range_mean,0.6596685414686162,0.6596685414686162,12,12
class,winter_rapeseed,target_ndvi_q90_range_mean,0.6596685414686162,0.6596685414686162,12,12
class,winter_rapeseed,best_shifted_curve_mse,0.6166426767122847,0.6166426767122847,12,12
class,winter_rapeseed,raw_target_class_curve_variance_mean,0.5710605621817961,0.5710605621817961,12,12
class,winter_rapeseed,target_class_curve_variance_mean,0.5710605621817961,0.5710605621817961,12,12
class,winter_rapeseed,classwise_curve_shift_mse_mean,0.5676765370159556,0.5676765370159556,12,12
class,winter_rapeseed,mmd,-0.5589717569375032,0.5589717569375032,12,12
class,winter_rapeseed,domain_bandwise_curve_mse,0.5224107873331361,0.5224107873331361,12,12
class,winter_rapeseed,global_curve_shift_mse,0.5224107851423865,0.5224107851423865,12,12
class,winter_rapeseed,pse_mid_curve_distance,-0.5108272764529709,0.5108272764529709,12,12
class,winter_rapeseed,pse_late_curve_distance,-0.48305693705910485,0.48305693705910485,12,12
class,winter_rapeseed,domain_ndvi_curve_mse,0.4696665609297682,0.4696665609297682,12,12
class,winter_rapeseed,pse_early_curve_distance,-0.43198516447327107,0.43198516447327107,12,12
class,winter_rapeseed,raw_curve_activity_range_gap,-0.37038304968321134,0.37038304968321134,12,12
class,winter_rapeseed,ndvi_q90_range_mean_gap,-0.3297347389368628,0.3297347389368628,12,12
class,winter_rapeseed,raw_ndvi_q90_range_mean_gap,-0.3297347389368628,0.3297347389368628,12,12
class,winter_rapeseed,target_curve_spread,-0.326784861109786,0.326784861109786,12,12
class,winter_rapeseed,raw_target_curve_spread,0.32109608781253884,0.32109608781253884,12,12
class,winter_rapeseed,curve_spread_gap,0.31869427495539904,0.31869427495539904,12,12
class,winter_rapeseed,target_fisher_ratio,0.31243595152408077,0.31243595152408077,12,12
class,winter_rapeseed,coral,0.2847093142504904,0.2847093142504904,12,12
class,winter_rapeseed,raw_source_curve_spread,0.270050964660634,0.270050964660634,12,12
class,winter_rapeseed,acf_distance,-0.2482358807873186,0.2482358807873186,12,12
class,winter_rapeseed,prototype_distance,-0.23216291978620895,0.23216291978620895,12,12
class,winter_rapeseed,source_fisher_ratio,0.22773231652743525,0.22773231652743525,12,12
class,winter_rapeseed,class_curve_variance_mean_gap,-0.22597796769084208,0.22597796769084208,12,12
class,winter_rapeseed,raw_class_curve_variance_mean_gap,-0.22597796769084208,0.22597796769084208,12,12
class,winter_rapeseed,raw_source_fisher_ratio,0.21369771547652677,0.21369771547652677,12,12
class,winter_rapeseed,raw_source_class_curve_variance_mean,0.1754895647644959,0.1754895647644959,12,12
class,winter_rapeseed,source_class_curve_variance_mean,0.1754895647644959,0.1754895647644959,12,12
class,winter_rapeseed,class_relative_curve_structure_corr,-0.1706454014784234,0.1706454014784234,12,12
class,winter_rapeseed,target_curve_activity_range,-0.16055379845896867,0.16055379845896867,12,12
class,winter_rapeseed,raw_source_ndvi_q90_range_mean,0.15122293762068,0.15122293762068,12,12
class,winter_rapeseed,source_ndvi_q90_range_mean,0.15122293762068,0.15122293762068,12,12
class,winter_rapeseed,source_curve_activity_range,-0.12679385890799869,0.12679385890799869,12,12
class,winter_rapeseed,fisher_ratio_gap,-0.10276077326804171,0.10276077326804171,12,12
class,winter_rapeseed,raw_source_curve_activity_range,0.09817124044227897,0.09817124044227897,12,12
class,winter_rapeseed,relation_structure_distance,-0.08961063212117897,0.08961063212117897,12,12
class,winter_rapeseed,raw_curve_spread_gap,-0.08932689732917015,0.08932689732917015,12,12
class,winter_rapeseed,raw_target_fisher_ratio,0.08637914964543329,0.08637914964543329,12,12
class,winter_rapeseed,raw_fisher_ratio_gap,0.08252010521904532,0.08252010521904532,12,12
class,winter_rapeseed,raw_source_ndvi_q90_range_std,-0.05692702591786069,0.05692702591786069,12,12
class,winter_rapeseed,source_ndvi_q90_range_std,-0.05692702591786069,0.05692702591786069,12,12
class,winter_rapeseed,source_curve_spread,-0.04698015938720499,0.04698015938720499,12,12
class,winter_rapeseed,raw_target_ndvi_q90_range_std,-0.035172493627741164,0.035172493627741164,12,12
class,winter_rapeseed,target_ndvi_q90_range_std,-0.035172493627741164,0.035172493627741164,12,12
class,winter_rapeseed,pse_trend_curve_distance,0.026302801465858068,0.026302801465858068,12,12
class,winter_rapeseed,class_relative_curve_structure_mse,0.02491774903382551,0.02491774903382551,12,12
class,winter_rapeseed,curve_activity_range_gap,0.02280198766791575,0.02280198766791575,12,12
class,winter_rye,coral,0.9107324257773588,0.9107324257773588,6,6
class,winter_rye,target_fisher_ratio,0.7020994542955465,0.7020994542955465,6,6
class,winter_rye,raw_target_curve_activity_range,0.6452926452068466,0.6452926452068466,6,6
class,winter_rye,best_shifted_curve_mse,0.6145482424591613,0.6145482424591613,6,6
class,winter_rye,pse_early_curve_distance,-0.5858019752063229,0.5858019752063229,6,6
class,winter_rye,raw_target_class_curve_variance_mean,0.49646971715513355,0.49646971715513355,6,6
class,winter_rye,target_class_curve_variance_mean,0.49646971715513355,0.49646971715513355,6,6
class,winter_rye,domain_bandwise_curve_mse,0.413619230700422,0.413619230700422,6,6
class,winter_rye,global_curve_shift_mse,0.4136190769170812,0.4136190769170812,6,6
class,winter_rye,raw_curve_activity_range_gap,-0.4112570213047949,0.4112570213047949,6,6
class,winter_rye,mmd,0.3922607440933966,0.3922607440933966,6,6
class,winter_rye,classwise_curve_shift_mse_mean,0.3183553018534873,0.3183553018534873,6,6
class,winter_rye,pse_late_curve_distance,-0.31647063218898,0.31647063218898,6,6
class,winter_rye,raw_target_ndvi_q90_range_std,-0.29242960782562055,0.29242960782562055,6,6
class,winter_rye,target_ndvi_q90_range_std,-0.29242960782562055,0.29242960782562055,6,6
class,winter_rye,source_curve_activity_range,0.2829274994556203,0.2829274994556203,6,6
class,winter_rye,acf_distance,-0.2567475107973844,0.2567475107973844,6,6
class,winter_rye,target_curve_spread,-0.25454448481035946,0.25454448481035946,6,6
class,winter_rye,class_relative_curve_structure_mse,0.24246346793242243,0.24246346793242243,6,6
class,winter_rye,curve_spread_gap,0.23662450656558848,0.23662450656558848,6,6
class,winter_rye,domain_ndvi_curve_mse,-0.23139147872749957,0.23139147872749957,6,6
class,winter_rye,class_curve_variance_mean_gap,-0.21836710995627606,0.21836710995627606,6,6
class,winter_rye,raw_class_curve_variance_mean_gap,-0.21836710995627606,0.21836710995627606,6,6
class,winter_rye,raw_target_fisher_ratio,0.21531836774747914,0.21531836774747914,6,6
class,winter_rye,target_curve_activity_range,0.21280456146069807,0.21280456146069807,6,6
class,winter_rye,source_fisher_ratio,0.1794665965677683,0.1794665965677683,6,6
class,winter_rye,pse_mid_curve_distance,-0.1703074843957914,0.1703074843957914,6,6
class,winter_rye,fisher_ratio_gap,-0.1592119330456354,0.1592119330456354,6,6
class,winter_rye,source_curve_spread,0.14396004656458924,0.14396004656458924,6,6
class,winter_rye,class_relative_curve_structure_corr,0.13671923445664808,0.13671923445664808,6,6
class,winter_rye,pse_trend_curve_distance,0.1138066229434838,0.1138066229434838,6,6
class,winter_rye,raw_target_curve_spread,-0.10727663518049348,0.10727663518049348,6,6
class,winter_rye,raw_curve_spread_gap,0.0800731493101842,0.0800731493101842,6,6
class,winter_rye,raw_fisher_ratio_gap,-0.07565283203002568,0.07565283203002568,6,6
class,winter_rye,curve_activity_range_gap,-0.06528379085500646,0.06528379085500646,6,6
class,winter_rye,relation_structure_distance,0.0490573657635586,0.0490573657635586,6,6
class,winter_rye,raw_source_fisher_ratio,0.045074321216822096,0.045074321216822096,6,6
class,winter_rye,raw_source_curve_spread,0.04507432121682209,0.04507432121682209,6,6
class,winter_rye,raw_source_class_curve_variance_mean,0.04507432121682206,0.04507432121682206,6,6
class,winter_rye,source_class_curve_variance_mean,0.04507432121682206,0.04507432121682206,6,6
class,winter_rye,raw_source_curve_activity_range,0.045074321216822054,0.045074321216822054,6,6
class,winter_rye,raw_source_ndvi_q90_range_std,-0.04507432121682205,0.04507432121682205,6,6
class,winter_rye,source_ndvi_q90_range_std,-0.04507432121682205,0.04507432121682205,6,6
class,winter_rye,raw_source_ndvi_q90_range_mean,0.04507432121682201,0.04507432121682201,6,6
class,winter_rye,source_ndvi_q90_range_mean,0.04507432121682201,0.04507432121682201,6,6
class,winter_rye,ndvi_q90_range_mean_gap,0.03842664505863121,0.03842664505863121,6,6
class,winter_rye,raw_ndvi_q90_range_mean_gap,0.03842664505863121,0.03842664505863121,6,6
class,winter_rye,prototype_distance,-0.021232787972322958,0.021232787972322958,6,6
class,winter_rye,raw_target_ndvi_q90_range_mean,-0.018135723494545532,0.018135723494545532,6,6
class,winter_rye,target_ndvi_q90_range_mean,-0.018135723494545532,0.018135723494545532,6,6
class,winter_triticale,domain_ndvi_curve_mse,0.6224465456927939,0.6224465456927939,12,12
class,winter_triticale,raw_target_ndvi_q90_range_mean,0.5476604730447505,0.5476604730447505,12,12
class,winter_triticale,target_ndvi_q90_range_mean,0.5476604730447505,0.5476604730447505,12,12
class,winter_triticale,relation_structure_distance,-0.5294183783854151,0.5294183783854151,12,12
class,winter_triticale,mmd,-0.5099948969037539,0.5099948969037539,12,12
class,winter_triticale,classwise_curve_shift_mse_mean,0.43836590995058816,0.43836590995058816,12,12
class,winter_triticale,class_relative_curve_structure_mse,-0.4338019425077352,0.4338019425077352,12,12
class,winter_triticale,target_fisher_ratio,0.4035471544672922,0.4035471544672922,12,12
class,winter_triticale,global_curve_shift_mse,0.395294267194694,0.395294267194694,12,12
class,winter_triticale,domain_bandwise_curve_mse,0.39529420077235,0.39529420077235,12,12
class,winter_triticale,pse_early_curve_distance,-0.38341208580685227,0.38341208580685227,12,12
class,winter_triticale,best_shifted_curve_mse,0.36272272876894057,0.36272272876894057,12,12
class,winter_triticale,raw_source_curve_activity_range,0.2957466621366696,0.2957466621366696,12,12
class,winter_triticale,source_fisher_ratio,0.29168984554021105,0.29168984554021105,12,12
class,winter_triticale,raw_source_ndvi_q90_range_mean,0.28581565645009177,0.28581565645009177,12,12
class,winter_triticale,source_ndvi_q90_range_mean,0.28581565645009177,0.28581565645009177,12,12
class,winter_triticale,raw_curve_spread_gap,0.2611176790782722,0.2611176790782722,12,12
class,winter_triticale,raw_source_class_curve_variance_mean,0.23944627540210459,0.23944627540210459,12,12
class,winter_triticale,source_class_curve_variance_mean,0.23944627540210459,0.23944627540210459,12,12
class,winter_triticale,pse_late_curve_distance,-0.23309961793241843,0.23309961793241843,12,12
class,winter_triticale,pse_mid_curve_distance,-0.22919196317366466,0.22919196317366466,12,12
class,winter_triticale,class_relative_curve_structure_corr,0.21868143821710334,0.21868143821710334,12,12
class,winter_triticale,raw_target_ndvi_q90_range_std,-0.21178139533515633,0.21178139533515633,12,12
class,winter_triticale,target_ndvi_q90_range_std,-0.21178139533515633,0.21178139533515633,12,12
class,winter_triticale,raw_target_curve_spread,-0.20902649436308945,0.20902649436308945,12,12
class,winter_triticale,target_curve_spread,-0.19008686447147025,0.19008686447147025,12,12
class,winter_triticale,raw_source_curve_spread,0.18387915436020755,0.18387915436020755,12,12
class,winter_triticale,curve_spread_gap,0.18215543605783874,0.18215543605783874,12,12
class,winter_triticale,ndvi_q90_range_mean_gap,-0.1760735632925775,0.1760735632925775,12,12
class,winter_triticale,raw_ndvi_q90_range_mean_gap,-0.1760735632925775,0.1760735632925775,12,12
class,winter_triticale,coral,0.15164061159398864,0.15164061159398864,12,12
class,winter_triticale,prototype_distance,-0.14550176112824173,0.14550176112824173,12,12
class,winter_triticale,curve_activity_range_gap,0.14450911907026928,0.14450911907026928,12,12
class,winter_triticale,fisher_ratio_gap,-0.13460885943383993,0.13460885943383993,12,12
class,winter_triticale,class_curve_variance_mean_gap,0.1320172110464067,0.1320172110464067,12,12
class,winter_triticale,raw_class_curve_variance_mean_gap,0.1320172110464067,0.1320172110464067,12,12
class,winter_triticale,pse_trend_curve_distance,0.12930573302536114,0.12930573302536114,12,12
class,winter_triticale,raw_curve_activity_range_gap,0.12192685408234172,0.12192685408234172,12,12
class,winter_triticale,target_curve_activity_range,-0.09091134159465379,0.09091134159465379,12,12
class,winter_triticale,raw_target_curve_activity_range,0.07384320070498478,0.07384320070498478,12,12
class,winter_triticale,acf_distance,0.06633704331426889,0.06633704331426889,12,12
class,winter_triticale,raw_source_ndvi_q90_range_std,0.03811981774350167,0.03811981774350167,12,12
class,winter_triticale,source_ndvi_q90_range_std,0.03811981774350167,0.03811981774350167,12,12
class,winter_triticale,source_curve_spread,-0.029820336050918356,0.029820336050918356,12,12
class,winter_triticale,raw_target_class_curve_variance_mean,0.02164615646326702,0.02164615646326702,12,12
class,winter_triticale,target_class_curve_variance_mean,0.02164615646326702,0.02164615646326702,12,12
class,winter_triticale,raw_target_fisher_ratio,-0.019866573323302675,0.019866573323302675,12,12
class,winter_triticale,source_curve_activity_range,-0.019679160078359084,0.019679160078359084,12,12
class,winter_triticale,raw_source_fisher_ratio,-0.017695628359237194,0.017695628359237194,12,12
class,winter_triticale,raw_fisher_ratio_gap,0.0006189098397902089,0.0006189098397902089,12,12
class,winter_wheat,mmd,0.5258800256674421,0.5258800256674421,12,12
class,winter_wheat,pse_trend_curve_distance,-0.4968944857141943,0.4968944857141943,12,12
class,winter_wheat,raw_source_ndvi_q90_range_std,0.49150482177874805,0.49150482177874805,12,12
class,winter_wheat,source_ndvi_q90_range_std,0.49150482177874805,0.49150482177874805,12,12
class,winter_wheat,raw_source_fisher_ratio,-0.475682830075539,0.475682830075539,12,12
class,winter_wheat,raw_target_ndvi_q90_range_mean,-0.4739326053025942,0.4739326053025942,12,12
class,winter_wheat,target_ndvi_q90_range_mean,-0.4739326053025942,0.4739326053025942,12,12
class,winter_wheat,raw_fisher_ratio_gap,-0.4645350792450187,0.4645350792450187,12,12
class,winter_wheat,domain_ndvi_curve_mse,-0.45550021252204026,0.45550021252204026,12,12
class,winter_wheat,classwise_curve_shift_mse_mean,-0.43920721879534635,0.43920721879534635,12,12
class,winter_wheat,source_curve_spread,-0.3864933747047817,0.3864933747047817,12,12
class,winter_wheat,global_curve_shift_mse,-0.3600085582853165,0.3600085582853165,12,12
class,winter_wheat,domain_bandwise_curve_mse,-0.3600084172263577,0.3600084172263577,12,12
class,winter_wheat,raw_source_class_curve_variance_mean,-0.34635790024409335,0.34635790024409335,12,12
class,winter_wheat,source_class_curve_variance_mean,-0.34635790024409335,0.34635790024409335,12,12
class,winter_wheat,curve_spread_gap,-0.339432800175215,0.339432800175215,12,12
class,winter_wheat,ndvi_q90_range_mean_gap,0.3267560097644619,0.3267560097644619,12,12
class,winter_wheat,raw_ndvi_q90_range_mean_gap,0.3267560097644619,0.3267560097644619,12,12
class,winter_wheat,source_curve_activity_range,-0.3160361458207624,0.3160361458207624,12,12
class,winter_wheat,curve_activity_range_gap,-0.28868965158671767,0.28868965158671767,12,12
class,winter_wheat,fisher_ratio_gap,-0.2869570509251568,0.2869570509251568,12,12
class,winter_wheat,raw_target_fisher_ratio,0.2868676851431979,0.2868676851431979,12,12
class,winter_wheat,target_fisher_ratio,0.2685926492216801,0.2685926492216801,12,12
class,winter_wheat,pse_early_curve_distance,-0.25298443560223655,0.25298443560223655,12,12
class,winter_wheat,target_curve_activity_range,-0.23843303499264865,0.23843303499264865,12,12
class,winter_wheat,best_shifted_curve_mse,-0.23343256554346153,0.23343256554346153,12,12
class,winter_wheat,pse_late_curve_distance,-0.21223740269240576,0.21223740269240576,12,12
class,winter_wheat,raw_source_curve_activity_range,-0.21085776962295183,0.21085776962295183,12,12
class,winter_wheat,class_curve_variance_mean_gap,-0.2002738659911531,0.2002738659911531,12,12
class,winter_wheat,raw_class_curve_variance_mean_gap,-0.2002738659911531,0.2002738659911531,12,12
class,winter_wheat,pse_mid_curve_distance,-0.19591226375929657,0.19591226375929657,12,12
class,winter_wheat,raw_target_curve_spread,-0.18457730138919617,0.18457730138919617,12,12
class,winter_wheat,class_relative_curve_structure_corr,0.15314059213886308,0.15314059213886308,12,12
class,winter_wheat,target_curve_spread,-0.13835951059121895,0.13835951059121895,12,12
class,winter_wheat,raw_target_curve_activity_range,-0.13753509938862452,0.13753509938862452,12,12
class,winter_wheat,raw_source_curve_spread,-0.12385238523243265,0.12385238523243265,12,12
class,winter_wheat,raw_target_ndvi_q90_range_std,-0.10676504069040789,0.10676504069040789,12,12
class,winter_wheat,target_ndvi_q90_range_std,-0.10676504069040789,0.10676504069040789,12,12
class,winter_wheat,acf_distance,-0.1044014833158454,0.1044014833158454,12,12
class,winter_wheat,relation_structure_distance,0.09177853171670065,0.09177853171670065,12,12
class,winter_wheat,prototype_distance,-0.09106377647816309,0.09106377647816309,12,12
class,winter_wheat,raw_curve_spread_gap,0.0690575303778233,0.0690575303778233,12,12
class,winter_wheat,source_fisher_ratio,-0.06315443809567925,0.06315443809567925,12,12
class,winter_wheat,raw_source_ndvi_q90_range_mean,0.03880508866342162,0.03880508866342162,12,12
class,winter_wheat,source_ndvi_q90_range_mean,0.03880508866342162,0.03880508866342162,12,12
class,winter_wheat,raw_curve_activity_range_gap,-0.03481477274764042,0.03481477274764042,12,12
class,winter_wheat,raw_target_class_curve_variance_mean,-0.01529236544770955,0.01529236544770955,12,12
class,winter_wheat,target_class_curve_variance_mean,-0.01529236544770955,0.01529236544770955,12,12
class,winter_wheat,coral,0.01231585406451943,0.01231585406451943,12,12
class,winter_wheat,class_relative_curve_structure_mse,0.0010168658257670312,0.0010168658257670312,12,12
